Alexandria Technical & Community College,https://legends.alextech.edu/sports/msoc/2024-25/roster,Find it,0,0,Should Have,Should Have,16
Allegany College of Maryland,https://acmtrojans.com/sports/mens-soccer/roster,Find it,0,0,0,0,16
Allen County Community College,https://allencounty.com/sports/msoc/roster,Find it,Should have,Should have,Should have,Should Have,27
Andrew College,https://andrew.prestosports.com/sports/msoc/2024-25/roster,https://andrew.prestosports.com/images/setup/Primary_Logo-0-5x.png,0,0,0,Should Have,16
Angelina College,https://angelina.prestosports.com/sports/msoc/2024-25/roster,https://angelina.prestosports.com/images/setup/Primary_Logo_-_.3x.png,0,0,Should Have,0,29
Anne Arundel Community College,https://aaccathletics.com/sports/msoc/2024-25/roster,Find it,0,0,Should have,Should have,28
Anoka-Ramsey Community College,https://arccgoldenrams.com/sports/msoc/2024-25/roster,Find it,Should Have,0,Should Have,Should Have,22
Arizona Western College,https://arizonawestern.prestosports.com/sports/msoc/2024-25/roster,https://arizonawestern.prestosports.com/images/setup/sitelogo-0.5x.png,Should Have,0,Should Have,Should Have,29
Atlantic Cape Community College,,,0,0,0,0,18
Barton Community College,https://www.bartonsports.com/sports/msoc/2024-25/roster,Find it,Should Have,Should Have,Should Have,Should Have,38
Bergen Community College,https://www.bergenccbulldogs.com/sports/msoc/2024-25/roster,Find it,0,0,0,Should Have,27
Black Hawk College,https://www.bhc.edu/athletics/mens-soccer/mens-soccer-roster/,Find it,0,0,0,0,23
Blinn College,https://buccaneersports.com/sports/mens-soccer/roster,Find it,0,0,Should Have,Should Have,34
Borough of Manhattan Community College,https://bmccathletics.com/sports/mens-soccer/roster,Find it,0,0,Should Have,Should Have,27